Album,Artist,Cover URL
So Close to What,Tate McRae,https://lastfm.freetls.fastly.net/i/u/300x300/2c927d26b092260dee2e79d4864c1de7.png
Mad Season,Matchbox Twenty,https://lastfm.freetls.fastly.net/i/u/300x300/168a070f9a7e74269cdff242cbe738a6.jpg
California (Deluxe Edition),blink-182,https://lastfm.freetls.fastly.net/i/u/300x300/ccd85fcfa4370e1df83a67c7fa79096c.png
blink-182,blink-182,https://lastfm.freetls.fastly.net/i/u/300x300/66f1cec75fe04b7c869712c55fd24528.png
Nimrod,Green Day,https://lastfm.freetls.fastly.net/i/u/300x300/cc7bcc37cf9f88e4700dfb9500d1b241.jpg
Death of a Bachelor,Panic! at the Disco,https://lastfm.freetls.fastly.net/i/u/300x300/257fe11067041f5b10e758f64afb601e.jpg
21st Century Breakdown,Green Day,https://lastfm.freetls.fastly.net/i/u/300x300/72a314e1e9064a0418159b144fe1ad72.jpg
Talking Is Hard,Walk the Moon,https://lastfm.freetls.fastly.net/i/u/300x300/7fee8351f9424cb78d67ac5af0a75b52.jpg
North (Deluxe Edition),Matchbox Twenty,https://lastfm.freetls.fastly.net/i/u/300x300/e83aa4de0c404dafb2fbed94789c903b.jpg
All I Ever Wanted,Kelly Clarkson,https://lastfm.freetls.fastly.net/i/u/300x300/6eb2d8d5b34d5744320e1a0e260085d9.png
Get Your Heart On! (Deluxe Edition),Simple Plan,https://lastfm.freetls.fastly.net/i/u/300x300/30a16584138b41e8b8753314724c12b0.jpg
Hands All Over (Revised Asia Standard Version),Maroon 5,https://lastfm.freetls.fastly.net/i/u/300x300/295b6c214f1e1ac7d662de107c0f8aee.jpg
X-sex,Six Sex,https://lastfm.freetls.fastly.net/i/u/300x300/a713a193d9d6f5e7687aa00353aba089.jpg
Red (Taylor's Version),Taylor Swift,https://lastfm.freetls.fastly.net/i/u/300x300/a758908e6e86dcecbb199c4b19acb799.jpg
THE TORTURED POETS DEPARTMENT: THE ANTHOLOGY,Taylor Swift,https://lastfm.freetls.fastly.net/i/u/300x300/3e9934e3815f2949acc34415d8931aea.jpg
All Killer No Filler,Sum 41,https://lastfm.freetls.fastly.net/i/u/300x300/dd9846d796fc425bbd8aecdc6129c7c2.png
Short n' Sweet,Sabrina Carpenter,https://lastfm.freetls.fastly.net/i/u/300x300/9ba24340be42673d5301c97cc5259a5e.png
Nick Jonas X2,Nick Jonas,https://lastfm.freetls.fastly.net/i/u/300x300/283c446453702536466e9ff122287dd2.png
Three Cheers for Sweet Revenge,My Chemical Romance,https://lastfm.freetls.fastly.net/i/u/300x300/09cb27a9f908354fd210a07830951791.png
Strategy,TWICE,https://lastfm.freetls.fastly.net/i/u/300x300/b2d5131f8ae46f912bc73e2e96b1dfc1.jpg
1989 (Taylor's Version),Taylor Swift,https://lastfm.freetls.fastly.net/i/u/300x300/f58d29605321bc6e1ee4da6ae5a0cb4a.jpg
From Under the Cork Tree,Fall Out Boy,https://lastfm.freetls.fastly.net/i/u/300x300/73ff2d6aea6d465ac6b9a697ce4c6168.png
More Than You Think You Are,Matchbox Twenty,https://lastfm.freetls.fastly.net/i/u/300x300/daa17282a85d8e8f783ca5cd1c873638.jpg
The Black Parade,My Chemical Romance,https://lastfm.freetls.fastly.net/i/u/300x300/7675defb2787ce67cd030081eb8ff77c.png
Enema of the State,blink-182,https://lastfm.freetls.fastly.net/i/u/300x300/fa585497562506b87fd59b41dfc53ff7.jpg
BRAT,Charli XCX,https://lastfm.freetls.fastly.net/i/u/300x300/b00527c6ae0cd1d4c9bf3706b130ad56.jpg
Brat and it’s completely different but also still brat,Charli XCX,https://lastfm.freetls.fastly.net/i/u/300x300/eb95fe205d644df99434a94f410ffc6c.png
Imaginal Disk,Magdalena Bay,https://lastfm.freetls.fastly.net/i/u/300x300/40e357a8c9962876e806cc5328a383e0.jpg
Danger Days: The True Lives of the Fabulous Killjoys,My Chemical Romance,https://lastfm.freetls.fastly.net/i/u/300x300/5d859232fed7488a82d37ecabb232fce.png
American Idiot,Green Day,https://lastfm.freetls.fastly.net/i/u/300x300/5bcb675866706c229ad9f77188b8ac44.jpg
Stronger (Deluxe Version),Kelly Clarkson,https://lastfm.freetls.fastly.net/i/u/300x300/191becbaaf774309a6c0db331f817656.png
Brat and it’s completely different but also still brat,Charli xcx,https://lastfm.freetls.fastly.net/i/u/300x300/eb95fe205d644df99434a94f410ffc6c.png
How Far We've Come,Matchbox Twenty,https://lastfm.freetls.fastly.net/i/u/300x300/d62502b5e8134403b1f6b997b609e24d.jpg
Exile On Mainstream (International),Matchbox Twenty,https://lastfm.freetls.fastly.net/i/u/300x300/c65aa56bb4314f4acf4a06c691e3d584.jpg
Melodrama,Lorde,https://lastfm.freetls.fastly.net/i/u/300x300/06483355fe8ff1b4eb335c7d9704d84c.jpg
Midnights (3am Edition),Taylor Swift,https://lastfm.freetls.fastly.net/i/u/300x300/8cf29cb75e6adfb8700b1665105a0ac8.jpg
ไหล่เธอ (You’ve Got Ma Back) - Single,Fourth,https://lastfm.freetls.fastly.net/i/u/300x300/e631186823717f6b2f52fbcc1bbd0c7c.jpg
emails i can’t send fwd:,Sabrina Carpenter,https://lastfm.freetls.fastly.net/i/u/300x300/177a1ef8117442c97ad096e8c758bbc4.jpg
Take Off Your Pants and Jacket,blink-182,https://lastfm.freetls.fastly.net/i/u/300x300/d1556c35364e423efbfaf1bb0c42663e.png
After LIKE,IVE,https://lastfm.freetls.fastly.net/i/u/300x300/28ef1a80f80920cb8c84192ad66f8aac.jpg
Yours Truly,Mika,https://lastfm.freetls.fastly.net/i/u/300x300/5e30198b0dda4035b4fc5c1fce5d89bf.png
ง้อว (Smile Please) - Single,Fourth,https://lastfm.freetls.fastly.net/i/u/300x300/931b8981190ea745b977ae5d5a585f1b.jpg
Saviors,Green Day,https://lastfm.freetls.fastly.net/i/u/300x300/f574fa1b6a5f8b213d5bff91d4273d29.jpg
รักหน้าตาเหมือนเธอไหม (Love Love Love) - Single,Gemini,https://lastfm.freetls.fastly.net/i/u/300x300/b95099af373f50cb2b3fee3efdda4357.jpg
เพลงรัก (Hook) - Single,Gemini,https://lastfm.freetls.fastly.net/i/u/300x300/727637b192cb4abe2d2522fe46083867.jpg
Summer Paradise,Simple Plan,https://lastfm.freetls.fastly.net/i/u/300x300/0022a168eb214df9ba4ba9c381a2285f.png
The Rise and Fall of a Midwest Princess,Chappell Roan,https://lastfm.freetls.fastly.net/i/u/300x300/acd4dcd1ffdc64da01273b1e3512a708.jpg
Extreme Behavior,Hinder,https://lastfm.freetls.fastly.net/i/u/300x300/73f0bcf49b8d468ce3e00b2ef71f831e.jpg
ก้อนหินกับดวงดาว (Rock & Star) - Single,Fourth,https://lastfm.freetls.fastly.net/i/u/300x300/c64337197735429d1b2c5214390db932.jpg
You - EP,dodie,https://lastfm.freetls.fastly.net/i/u/300x300/abcbd7ec5a4db8a67daebe51ec5d4e17.jpg
เพื่อนเล่น ไม่เล่นเพื่อน (Cover Version) - Single,Fourth,https://lastfm.freetls.fastly.net/i/u/300x300/4786ac1b469bd4c19a34fa9052105ed7.jpg
Warning,Green Day,https://lastfm.freetls.fastly.net/i/u/300x300/81572808c194de841fef009c56f91deb.jpg
อยากร้องดังดัง (Cover Version) - Single,Fourth,https://lastfm.freetls.fastly.net/i/u/300x300/11c71f967f29e5f685e614ca4c4c77bc.jpg
Move Along,The All-American Rejects,https://lastfm.freetls.fastly.net/i/u/300x300/c860b3a910c26ec91598fe76c73812ac.jpg
eternal sunshine,Ariana Grande,https://lastfm.freetls.fastly.net/i/u/300x300/6d1923b22731e0eee921a4c7de3a3d88.jpg
Breakaway,Kelly Clarkson,https://lastfm.freetls.fastly.net/i/u/770x0/83a87d3c61d27720cdd083e03d58b8d0.jpg
My December,Kelly Clarkson,https://lastfm.freetls.fastly.net/i/u/300x300/15b566f8b88042768796bbce544bfaeb.png
¡Uno!,Green Day,https://lastfm.freetls.fastly.net/i/u/300x300/93e0586027db411280051c3032d047ba.png
Father of All...,Green Day,https://lastfm.freetls.fastly.net/i/u/300x300/2078d7f6af6f6917e0f6fbb28e4ff925.jpg
The Best Damn Thing (Expanded Edition),Avril Lavigne,https://lastfm.freetls.fastly.net/i/u/300x300/6523d68c56f191ea44555a4decbee832.jpg
Let Go,Avril Lavigne,https://lastfm.freetls.fastly.net/i/u/300x300/2f55e4ac3c60dfbd01d6ac2e5c11ca39.jpg
Goodbye Lullaby (Expanded Edition),Avril Lavigne,https://lastfm.freetls.fastly.net/i/u/300x300/49be7ea5f069cf30f5f633e1b6f7c22d.jpg
Nevermind (Remastered),Nirvana,https://lastfm.freetls.fastly.net/i/u/300x300/3324e5982f0d81338d2749d5161eb2a8.png
Avril Lavigne (Expanded Edition),Avril Lavigne,https://lastfm.freetls.fastly.net/i/u/300x300/098b1dff9997021786f14f93d81ec846.jpg
In Blue,The Corrs,https://lastfm.freetls.fastly.net/i/u/300x300/39034b93ed9e4941a5e0877523f355d8.jpg
GO LIVE,Stray Kids,https://lastfm.freetls.fastly.net/i/u/300x300/83d8d498c6b51dfd6766e6180497361a.jpg
Good Riddance (Deluxe),Gracie Abrams,https://lastfm.freetls.fastly.net/i/u/300x300/46625b05e124a1897aa383816febcb14.jpg
THE TORTURED POETS DEPARTMENT,Taylor Swift,https://lastfm.freetls.fastly.net/i/u/300x300/81fbd21feee8ac0eeea93cdc118745bb.jpg
K-12,Melanie Martinez,https://lastfm.freetls.fastly.net/i/u/300x300/35df25e4fc8394903e600b5c34563c68.jpg
Cry Baby (Deluxe Edition),Melanie Martinez,https://lastfm.freetls.fastly.net/i/u/300x300/48770963661b4a895dba1e9ab5091ec7.png
GUTS,Olivia Rodrigo,https://lastfm.freetls.fastly.net/i/u/300x300/e39eb31f874f4a5c4afa836845141437.jpg
Love Sux,Avril Lavigne,https://lastfm.freetls.fastly.net/i/u/300x300/197a5944313e6e0f91c0687de99f621f.png
Pink Friday ... Roman Reloaded (Deluxe),Nicki Minaj,https://lastfm.freetls.fastly.net/i/u/300x300/41494b656c177032cbfaca21096b2e1d.png
Coast to Coast (Expanded Edition),Westlife,https://lastfm.freetls.fastly.net/i/u/300x300/02cdcba26891ffae5fa9081995302a4b.png
This Is What It Feels Like,Gracie Abrams,https://lastfm.freetls.fastly.net/i/u/300x300/0dfb37d5d1a60bf8daefa69118523d49.jpg
UP,Cardi B,https://lastfm.freetls.fastly.net/i/u/300x300/a1971be55c9a5b15e5bd3dd2d513613e.png
Invasion of Privacy,Cardi B,https://lastfm.freetls.fastly.net/i/u/300x300/e75d6a3d4a858d9617cbbd4c653416e1.jpg
The Beautiful & Damned,G-Eazy,https://lastfm.freetls.fastly.net/i/u/300x300/d3a746ec5469630960f1c70ad7527e5c.jpg
The Cruelest Summer,Taylor Swift,https://lastfm.freetls.fastly.net/i/u/300x300/ec4ff815c9a710a4b3cfb424314b6ffe.jpg
1989 (Taylor's Version) [Deluxe],Taylor Swift,https://lastfm.freetls.fastly.net/i/u/300x300/a5dec73be71cde57d1bd4c97cc0c2699.jpg
Speak Now (Taylor's Version),Taylor Swift,https://lastfm.freetls.fastly.net/i/u/300x300/caa5a586b599869e10542593928b5fdf.jpg
Fearless (Taylor's Version),Taylor Swift,https://lastfm.freetls.fastly.net/i/u/300x300/1aaa3638ee0bfee0ba8089c78ad63b26.jpg
evermore,Taylor Swift,https://lastfm.freetls.fastly.net/i/u/300x300/f2f83759a50360ff954861c223a5e777.jpg
Wildest Dreams (Taylor's Version),Taylor Swift,https://lastfm.freetls.fastly.net/i/u/300x300/23b25b0848522ddb677cb8011288a713.jpg
Be Not Nobody,Vanessa Carlton,https://lastfm.freetls.fastly.net/i/u/300x300/62a0ec15fbd68ceff61bbdd720aebb4c.jpg
LOOSSEMBLE,Loossemble,https://lastfm.freetls.fastly.net/i/u/300x300/0b4dc271a76e739076b7dbc7efc60509.jpg
FEARLESS,LE SSERAFIM,https://lastfm.freetls.fastly.net/i/u/300x300/e9241af49d5f63f63cf1b000a4276f46.png
Billlie 'BYOB (bring your own best friend)',Billlie,https://lastfm.freetls.fastly.net/i/u/300x300/67cbd6f45c948c212d626941387cc2dc.jpg
BETWEEN 1&2,TWICE,https://lastfm.freetls.fastly.net/i/u/300x300/706ab51dc39418c23ddd646ee7544841.jpg
NewJeans 2nd EP 'Get Up',NewJeans,https://lastfm.freetls.fastly.net/i/u/300x300/dc24b237f51f88ff55af03ec47710e4f.jpg
Never Grow Up,CG5,https://lastfm.freetls.fastly.net/i/u/300x300/c6c9e19a581326f4e12eb4869e9c6ac4.jpg
Amala (Deluxe Version),Doja Cat,https://lastfm.freetls.fastly.net/i/u/300x300/5cef99c7b4199a3f4a05fdde792d84f5.png
You Signed Up For This,Maisie Peters,https://lastfm.freetls.fastly.net/i/u/300x300/1897b73a7f3738702c40a27c84dbca99.jpg
I'ma Walk Right In,CG5,https://lastfm.freetls.fastly.net/i/u/300x300/826557c896fc07cb2d9fea5aeef18cdb.png
Circus,Eraserheads,https://lastfm.freetls.fastly.net/i/u/300x300/377b34acbbb94e1081b9701d16f809a7.png
Like..? (Deluxe),Ice Spice,https://lastfm.freetls.fastly.net/i/u/300x300/7d8184cabc3c7713aa9dac7ae14a725b.jpg
Kitchie Nadal,Kitchie Nadal,https://lastfm.freetls.fastly.net/i/u/300x300/eaf969cd1dc992b0f13243f7703dfb29.jpg
Ice Cream Cake - The 1st Mini Album,Red Velvet,https://lastfm.freetls.fastly.net/i/u/300x300/bb8b421e5adacd2884c2b5523c4cb445.jpg
Women in Music Pt III (Expanded Edition),HAIM,https://lastfm.freetls.fastly.net/i/u/300x300/90497555d76c69528353580cf83e9128.jpg
WAP (feat. Megan Thee Stallion),Cardi B,https://lastfm.freetls.fastly.net/i/u/300x300/f407735ab6e2f6e25ac8bdeb9041b9b3.jpg
Title (Deluxe),Meghan Trainor,https://lastfm.freetls.fastly.net/i/u/300x300/3768a326de514cefcca3bf96b0d35d2f.png
Formula of Love: O+T=<3,TWICE,https://lastfm.freetls.fastly.net/i/u/300x300/799889a45a0aed866919708e1c6913a2.jpg
Love & Evil,LOOΠΔ 1/3,https://lastfm.freetls.fastly.net/i/u/300x300/9eec1784de8928e74f87c76e60a10bb9.jpg
twicetagram,TWICE,https://lastfm.freetls.fastly.net/i/u/300x300/5b9e08f5c46471a5485caee3a8b14e87.png
SQUARE UP,BLACKPINK,https://lastfm.freetls.fastly.net/i/u/300x300/ac8d9d7288e0f4e930ff5aeb8c32e866.png
FANCY YOU,TWICE,https://lastfm.freetls.fastly.net/i/u/300x300/a9b4e7025d2217c85044064c984ff68d.jpg
Future Nostalgia,Dua Lipa,https://lastfm.freetls.fastly.net/i/u/300x300/7017c94ef74a476838e751b0cee1f014.png
Lover,Taylor Swift,https://lastfm.freetls.fastly.net/i/u/300x300/d3f083370c371a3ba1cddafaf193c27d.jpg
Lust for Life,Lana Del Rey,https://lastfm.freetls.fastly.net/i/u/300x300/9e9ddd9e9270cd400fcf60ab3d9fb1cc.jpg
We play,Weeekly,https://lastfm.freetls.fastly.net/i/u/300x300/be1e560ca312ad18977ec59da3ddc101.jpg
Feel Special,TWICE,https://lastfm.freetls.fastly.net/i/u/300x300/b8bba89b517241d34f53687a9a0fd9b4.jpg
Reputation,Taylor Swift,https://lastfm.freetls.fastly.net/i/u/300x300/05df79341035d53b68eb846764365e02.png
folklore,Taylor Swift,https://lastfm.freetls.fastly.net/i/u/300x300/7283dedc810f971388eba0b710d90020.png
True Colors,Zedd,https://lastfm.freetls.fastly.net/i/u/300x300/ad2611fcc3979d9990efced4177d30e1.jpg
Dangerous Woman,Ariana Grande,https://lastfm.freetls.fastly.net/i/u/300x300/51b8cd76546763550af19d0937cae80a.jpg
Dookie,Green Day,https://lastfm.freetls.fastly.net/i/u/300x300/2248e72411992639ffa8ab94ba97a631.jpg
Mama's Big Ones,Cass Elliot,https://lastfm.freetls.fastly.net/i/u/300x300/fff816b202933bfbb01074219a88866a.png
In Heat (2023 Remaster),The Romantics,https://lastfm.freetls.fastly.net/i/u/300x300/859d8eebe446c825003100cca62a32e6.jpg
Hunting High and Low,a-ha,https://lastfm.freetls.fastly.net/i/u/300x300/b61c0246b523481a92428dc3310ce5fb.png
Mariah Carey,Mariah Carey,https://lastfm.freetls.fastly.net/i/u/300x300/9fef786f4b2b1d0f4afac655c535b09a.png
Human,dodie,https://lastfm.freetls.fastly.net/i/u/300x300/16a2bfc7c351cdb1998f08ee1fc07328.jpg
You're Losing Me (From the Vault),Taylor Swift,https://lastfm.freetls.fastly.net/i/u/300x300/7c1d50ee921cc6b4d95405fb59a41f74.jpg
Abbey Road (Remastered),The Beatles,https://lastfm.freetls.fastly.net/i/u/300x300/a4bbf73ba62024be279364e867b0ca20.jpg
Oops!... I Did It Again,Britney Spears,https://lastfm.freetls.fastly.net/i/u/300x300/9d9002ec4e0858cbeb0c89a2497173d1.png
I'VE MINE,IVE,https://lastfm.freetls.fastly.net/i/u/300x300/477f82589c42bb5ca605d0d641ed9ce8.jpg
Soñar (Breaker),NMIXX,https://lastfm.freetls.fastly.net/i/u/300x300/cd9d4b004f2c81586d55de98064f7025.jpg
Sweet Crazy Love (Eng Ver.),ODD EYE CIRCLE (ARTMS),https://lastfm.freetls.fastly.net/i/u/300x300/a75dfd5bf122c90a1d40cd5757a9a89a.jpg
No Strings Attached,*NSYNC,https://lastfm.freetls.fastly.net/i/u/300x300/8d13d2de869455c6faa68d203c91282f.jpg
The American Dream Is Killing Me,Green Day,https://lastfm.freetls.fastly.net/i/u/300x300/975ea3f43c8b8ef8d079de52ed14fec4.jpg
Dilemma,Green Day,https://lastfm.freetls.fastly.net/i/u/300x300/0d2967df427f2ba3d20ec852fdc26834.jpg
One eyed Bastard,Green Day,https://lastfm.freetls.fastly.net/i/u/300x300/c938c6b847badc179e6a8fe99f9c4efb.jpg
PCD,The Pussycat Dolls,https://lastfm.freetls.fastly.net/i/u/300x300/7c9048f891364c56a93ebe77be62dad6.png
Appetite for Destruction,Guns N' Roses,https://lastfm.freetls.fastly.net/i/u/300x300/eed51418bdbc41bc9aa959de2d65dd5d.png
Under My Skin,Avril Lavigne,https://lastfm.freetls.fastly.net/i/u/300x300/a0beb5604cbf4731ae6856863b82761a.png
Celebration (Double Disc Version),Madonna,https://lastfm.freetls.fastly.net/i/u/300x300/5779fa945644a539ad2beeaede333d92.png
Like a Virgin,Madonna,https://lastfm.freetls.fastly.net/i/u/300x300/a4ddbfef557fd92f733c307855b6fd80.png
1 (Remastered),The Beatles,https://lastfm.freetls.fastly.net/i/u/300x300/207c9708aabfc084aee235ab2c8c4ee9.jpg
Focus,Ariana Grande,https://lastfm.freetls.fastly.net/i/u/300x300/4f1f08b3772adb908f975821465493fc.png
Loose,Nelly Furtado,https://lastfm.freetls.fastly.net/i/u/300x300/f3aa2afa43dc94eb79562be7a23ce876.png
Armageddon - The Album,Aerosmith,https://lastfm.freetls.fastly.net/i/u/300x300/aaccf0c11c2a4a3da2613835b42308ab.png
Speakerboxxx/The Love Below,OutKast,https://lastfm.freetls.fastly.net/i/u/300x300/fef975b2cf4c416eadee5f765f49ec34.png
Evolution: The Hits,Dead or Alive,https://lastfm.freetls.fastly.net/i/u/300x300/d2203a34d9bcef2347e3ac168b968772.jpg
Invincible,Five,https://lastfm.freetls.fastly.net/i/u/300x300/64346c77ecc98a6522a018c9cdef5bbf.jpg
Whitney,Whitney Houston,https://lastfm.freetls.fastly.net/i/u/300x300/a3f25f1f89de1a5e895b9360ac09a6e6.jpg
Emotions,Mariah Carey,https://lastfm.freetls.fastly.net/i/u/300x300/69e50bdad41d4b08cb36de7fff3fc6a4.png
No Protection,Starship,https://lastfm.freetls.fastly.net/i/u/300x300/b4b991fd169886485706b59750962bd8.png
Heaven knows,PinkPantheress,https://lastfm.freetls.fastly.net/i/u/300x300/16cc8263e16931610bd9506c4be95859.jpg
Songs About Jane: 10th Anniversary Edition,Maroon 5,https://lastfm.freetls.fastly.net/i/u/300x300/41fab0ba40fb460786628a9520f5001b.jpg
Can't Stop the Music (Original Soundtrack 1980),Village People,https://lastfm.freetls.fastly.net/i/u/300x300/a3955b4a92fe43b0c35c359a63f042af.jpg
Confessions on a Dance Floor,Madonna,https://lastfm.freetls.fastly.net/i/u/300x300/940351f3cd3404d81c6dfe62ffb55c6c.png
The Foundations,The Foundations,https://lastfm.freetls.fastly.net/i/u/300x300/1694a4886080668a92a8d39f44744173.jpg
Backstreet's Back,Backstreet Boys,https://lastfm.freetls.fastly.net/i/u/300x300/4300e70fbcde5afc9949200f8f095fa0.png
'N Sync UK Version,*NSYNC,https://lastfm.freetls.fastly.net/i/u/300x300/67285fbe847b87f7b3d565208a5b55bb.jpg
Doll Domination (Deluxe),The Pussycat Dolls,https://lastfm.freetls.fastly.net/i/u/300x300/f5c15e97d51419b5603bc4c0641fcb87.jpg
E=MC2,Mariah Carey,https://lastfm.freetls.fastly.net/i/u/300x300/6b0b23d7c60b84f96c2d9c9f0af3cf99.jpg
Please Hammer Don't Hurt 'Em,MC Hammer,https://lastfm.freetls.fastly.net/i/u/300x300/802427f7083ce06c7c251b190e0e3f84.jpg
MY WORLD - The 3rd Mini Album,aespa,https://lastfm.freetls.fastly.net/i/u/300x300/3b96f9008abaa1134b17b8752abc3f78.jpg
Love Angel Music Baby,Gwen Stefani,https://lastfm.freetls.fastly.net/i/u/300x300/9df65bc5682d88226c9b71436ee41d08.png
B'Day,Beyoncé,https://lastfm.freetls.fastly.net/i/u/300x300/cdef59cff844415e33c73e748ff33164.jpg
...Baby One More Time (Digital Deluxe Version),Britney Spears,https://lastfm.freetls.fastly.net/i/u/300x300/d4100149ecb735676a1321bbece9fe29.jpg
THE FIFTH SEASON,오마이걸 (OH MY GIRL),https://lastfm.freetls.fastly.net/i/u/300x300/1aeec4c4a77e76af3c88b0a038baa375.jpg
Catch Me If You Can - Single,Girls' Generation,https://lastfm.freetls.fastly.net/i/u/300x300/4c3bf4ef1641030edba4021f7e53475b.jpg
Oneiric Diary (幻想日記),IZ*ONE,https://lastfm.freetls.fastly.net/i/u/300x300/0731333fecfbdfcff681ad584855c335.jpg
THE BOYZ DEBUT ALBUM `THE FIRST`,더보이즈(THE BOYZ),https://lastfm.freetls.fastly.net/i/u/300x300/b8645ccd2d90c8cac8f4bfbfbd4735dd.jpg
fromis_9 PRE-DEBUT SINGLE,fromis_9,https://lastfm.freetls.fastly.net/i/u/300x300/bfb2973f5ff8d30c8c4cb9de2f8ae04a.jpg
UNNATURAL,WJSN,https://lastfm.freetls.fastly.net/i/u/300x300/6c4034fa4077886bed11a8208891d50e.jpg
YES or YES,TWICE,https://lastfm.freetls.fastly.net/i/u/300x300/e8456084d553d41b66a992ea571196a9.jpg
Stranger in the Alps (Deluxe Edition),Phoebe Bridgers,https://lastfm.freetls.fastly.net/i/u/300x300/431f51f7525d2724d6f2e1eaf0867c7f.jpg
FIRST IMPACT,Kep1er,https://lastfm.freetls.fastly.net/i/u/300x300/2a9572122f9e4b6949354c3761219b41.jpg
Merry & Happy,TWICE,https://lastfm.freetls.fastly.net/i/u/300x300/4929cfba7c2ec125774d598e6c383b08.png
THE BOYZ DEBUT ALBUM [THE FIRST],THE BOYZ,https://lastfm.freetls.fastly.net/i/u/300x300/46239d17b69d00dbd6e72e69c7695c73.png
High School Musical: The Musical: The Series (Original Soundtrack),Olivia Rodrigo,https://lastfm.freetls.fastly.net/i/u/300x300/4eef44a9645e348cb858e02bc91c255e.jpg
GFriend The 1st Album 'LOL',GFRIEND,https://lastfm.freetls.fastly.net/i/u/300x300/2147a2293105edc2d15179fcfad67e66.png
Speak Now (Deluxe Package),Taylor Swift,https://lastfm.freetls.fastly.net/i/u/300x300/48c0470785481694dfa57d4c67fe441f.jpg
Love Story (Taylor’s Version),Taylor Swift,https://lastfm.freetls.fastly.net/i/u/300x300/3856d213e777106809c33f9a3d951d98.jpg
SUNRISE,DAY6,https://lastfm.freetls.fastly.net/i/u/300x300/c6bb70bc982139e52813d67b60c329a3.png
COLOR*IZ,IZ*ONE,https://lastfm.freetls.fastly.net/i/u/300x300/d505cfe5064d897b8439b51df2bffad3.png
MAXIS BY RYAN JHUN PT. 2,Loona,https://lastfm.freetls.fastly.net/i/u/300x300/8bd2ce18aa8b551ed5a3b3fce77a0900.jpg
I'm So Pretty,Nature,https://lastfm.freetls.fastly.net/i/u/300x300/86ecab4b9f32c4c6c9f2bb30b55a6094.jpg
NATURE WORLD: CODE A,Nature,https://lastfm.freetls.fastly.net/i/u/300x300/5d9df99c03684f4deaad9860d96b572d.jpg
NATURE WORLD: CODE M,Nature,https://lastfm.freetls.fastly.net/i/u/300x300/18ed692780a8099313da371bd3832e8d.jpg
DAYDREAM,DAY6,https://lastfm.freetls.fastly.net/i/u/300x300/0c13e24b87250f647172f66be2a82751.png
Rookie - The 4th Mini Album,Red Velvet,https://lastfm.freetls.fastly.net/i/u/300x300/0cc3f20f6d4b0132d77a8a2ed305fa54.jpg
Eyes wide open,TWICE,https://lastfm.freetls.fastly.net/i/u/300x300/4f02062dc96115392e5b8b671550dae5.png
BLACK DRESS,CLC,https://lastfm.freetls.fastly.net/i/u/300x300/3f736fa9f96a95356bd580da1eaf504e.jpg
Flower 4 Seasons,DIA,https://lastfm.freetls.fastly.net/i/u/300x300/c3f13b2f6f17161bde0752d227bb6624.jpg
NEWTRO,DIA,https://lastfm.freetls.fastly.net/i/u/300x300/291b587dec78aa825ecd0fb70e6d49d0.jpg
Spell,DIA,https://lastfm.freetls.fastly.net/i/u/300x300/e7aa0a80c39c02a5c65d30774d393b18.jpg
PAGE TWO,TWICE,https://lastfm.freetls.fastly.net/i/u/300x300/f5acd634f8a2379cb0cf8d05c09882ca.png
Happy Moment,WJSN,https://lastfm.freetls.fastly.net/i/u/300x300/868a93c3b162606752f4a96a698d488c.jpg
To. Day,fromis_9,https://lastfm.freetls.fastly.net/i/u/300x300/619624c67873d647542ddb416a54da74.jpg
Guiltless,dodie,https://lastfm.freetls.fastly.net/i/u/300x300/fb6dc14d261b0ca3b3515e1b056a78b1.jpg
My Everything (Deluxe),Ariana Grande,https://lastfm.freetls.fastly.net/i/u/300x300/75ffd9c318f5541c52fe571b73c01155.jpg
1989 (Deluxe),Taylor Swift,https://lastfm.freetls.fastly.net/i/u/300x300/0b1f574f30170c38434d1d59bcbd9c55.jpg
Summer Nights,TWICE,https://lastfm.freetls.fastly.net/i/u/300x300/86ac21ab36bbd416b225228745866bfe.jpg
beauty&thebeat,LOONA/yyxy,https://lastfm.freetls.fastly.net/i/u/300x300/98901572d410159a73ae05ca95663c13.jpg
Dream Your Dream,WJSN,https://lastfm.freetls.fastly.net/i/u/300x300/be7b2cdbb3c96961e24a8a98d671d3f8.jpg
The Secret,WJSN,https://lastfm.freetls.fastly.net/i/u/300x300/5e356e7d1c8aab670a9d4fc6b48dfa60.jpg
SNOWFLAKE,GFRIEND,https://lastfm.freetls.fastly.net/i/u/300x300/9ffbce2da8e9de35c687e0f9caf3134b.jpg
Chuu,Loona,https://lastfm.freetls.fastly.net/i/u/300x300/5ec1f3fc63c7488673f2bdce8ba7ae89.png
FavOriTe,Loona,https://lastfm.freetls.fastly.net/i/u/300x300/8da1a6b9d8ba2beb74ec5b3d76b7cdab.jpg
[X X],Loona,https://lastfm.freetls.fastly.net/i/u/300x300/cd70bc2d4e15d37211318f38a2248f46.jpg
Love&Letter Repackage Album,Seventeen,https://lastfm.freetls.fastly.net/i/u/300x300/0663d55f348e97e2260115ddb476a957.png
The Perfect Red Velvet - The 2nd Album Repackage,Red Velvet,https://lastfm.freetls.fastly.net/i/u/300x300/b41b2240023b540eb52fae663a783f35.jpg
‘The ReVe Festival’ Finale,Red Velvet,https://lastfm.freetls.fastly.net/i/u/300x300/541b479201587185b1d10e0b1e7c2980.jpg
[+ +],Loona,https://lastfm.freetls.fastly.net/i/u/300x300/ad2f42cfa70d7fe14ca91ae784cc38b8.jpg
Starving,Hailee Steinfeld,https://lastfm.freetls.fastly.net/i/u/300x300/f267617a1398833b9b14e677f08400cc.png
Todo Combo,Moonstar88,https://lastfm.freetls.fastly.net/i/u/300x300/01e34c7454154aa3ab5ccc90223079c9.jpg
ME,CLC,https://lastfm.freetls.fastly.net/i/u/300x300/e0788bd5be515e47589de7b5df228163.jpg
CRYSTYLE,CLC,https://lastfm.freetls.fastly.net/i/u/300x300/abc2a7fedf6342c5d4421f765214e2eb.jpg
Devil,CLC,https://lastfm.freetls.fastly.net/i/u/300x300/085cd26f22be986ceacbcddb26720626.jpg
HELICOPTER,CLC,https://lastfm.freetls.fastly.net/i/u/300x300/cd499743cb9806806d4c8c17038318a8.jpg
BBIBBI,IU,https://lastfm.freetls.fastly.net/i/u/300x300/859a8479ff581adbf5bf62794fd53caa.jpg
To. Heart,fromis_9,https://lastfm.freetls.fastly.net/i/u/300x300/4f462f31a3c7ba564e550b0d18cc8451.jpg
KeePer (Prod. PARK KYUNG),THE BOYZ,https://lastfm.freetls.fastly.net/i/u/300x300/10bce09b63f9db0cf7f9adc4d718b06d.jpg
Neverland,WJSN,https://lastfm.freetls.fastly.net/i/u/300x300/483259b3a80f01b46521a3bf1d166cb9.jpg
As You Wish,WJSN,https://lastfm.freetls.fastly.net/i/u/300x300/e8bfa5719141259e500e2dd7a6941825.jpg
SPECIAL ALBUM <For the Summer>,WJSN,https://lastfm.freetls.fastly.net/i/u/300x300/8fb36d0ca249224ce707a95bf02d6d97.jpg
WJ STAY?,WJSN,https://lastfm.freetls.fastly.net/i/u/300x300/4d11ee479f0c10594858fbcfb18d484c.jpg
WJ PLEASE?,WJSN,https://lastfm.freetls.fastly.net/i/u/300x300/b2f27cc90e1dd64a32814e2086282c2a.png
From. WJSN,WJSN,https://lastfm.freetls.fastly.net/i/u/300x300/a86db1e5dce931cd20fd33f31bd47196.jpg
Would You Like?,WJSN,https://lastfm.freetls.fastly.net/i/u/300x300/8cc6a32182c49005635c2f5f76587c2d.jpg
NCT 2018 EMPATHY,NCT,https://lastfm.freetls.fastly.net/i/u/300x300/a84826e58889061cf6f8001890191c90.jpg
The First - The 1st Single Album,NCT DREAM,https://lastfm.freetls.fastly.net/i/u/300x300/d64b1c8f38279411862e17793b5914c1.jpg
Chewing Gum,NCT DREAM,https://lastfm.freetls.fastly.net/i/u/300x300/11fb5dd5fc578217f2480475acf47f0d.jpg
GFriend 2nd Mini Album 'Flower Bud',GFRIEND,https://lastfm.freetls.fastly.net/i/u/300x300/b5b77ed961c84b70b1554593d19f0a21.jpg
APRIL 6th Mini Album 'the Ruby',April,https://lastfm.freetls.fastly.net/i/u/300x300/1e0e44c54a42bf01adb83318f4349796.jpg
Offset,CHUNG HA,https://lastfm.freetls.fastly.net/i/u/300x300/08f1a15677597378c93f1c14ecb0f625.jpg
From.9,fromis_9,https://lastfm.freetls.fastly.net/i/u/300x300/5ffecea1dcf210f5a6f72ae94abf7337.jpg
Beyoncé,Beyoncé,https://lastfm.freetls.fastly.net/i/u/300x300/915d91f274d69f59de9467d99f4f5cb3.png
HULA HOOP / StarSeed ~カクセイ~,Loona,https://lastfm.freetls.fastly.net/i/u/300x300/6ecf17a0dda7e094a1953bed7906dc50.jpg
SIGNAL,TWICE,https://lastfm.freetls.fastly.net/i/u/300x300/05942112ac6f9a94650e61bb60d4030d.jpg
Max & Match,LOOΠΔ / ODD EYE CIRCLE,https://lastfm.freetls.fastly.net/i/u/300x300/287f90b1e88c7e0d57ec6a5b9ccc27de.png
Choerry,Loona,https://lastfm.freetls.fastly.net/i/u/300x300/138928ef87290748adb8f08d0e4e9096.png
Taylor Swift,Taylor Swift,https://lastfm.freetls.fastly.net/i/u/300x300/0213873e015e36cfda289e7d77f96bdb.png
Beautiful Eyes - EP,Taylor Swift,https://lastfm.freetls.fastly.net/i/u/300x300/33bb6da5f90d416abce131c800f1583a.png
Spotify Singles,Taylor Swift,https://lastfm.freetls.fastly.net/i/u/300x300/591facba48eb6254c043529aeb4ff95a.jpg
Death by a Thousand Cuts (Live from Paris),Taylor Swift,https://lastfm.freetls.fastly.net/i/u/300x300/cf0ee47879a1794002789e3da29aca2f.jpg
This Love (Taylor’s Version),Taylor Swift,https://lastfm.freetls.fastly.net/i/u/300x300/58247e8ed24facfb442de3d7d69a76ac.png
Only The Young (Featured in Miss Americana),Taylor Swift,https://lastfm.freetls.fastly.net/i/u/300x300/06854c5d351caf8ef96c67df43127b32.jpg
folklore (deluxe version),Taylor Swift,https://lastfm.freetls.fastly.net/i/u/300x300/200f4e9f482def654604ac54dd9f33eb.jpg
Carolina (From the Motion Picture “Where the Crawdads Sing”),Taylor Swift,https://lastfm.freetls.fastly.net/i/u/300x300/e08e302c030986d84a74ab76dc453b4e.png
Speak Now,Taylor Swift,https://lastfm.freetls.fastly.net/i/u/300x300/a9ff4f81e3402e5fdd3c8e85681ad606.jpg
evermore (deluxe version),Taylor Swift,https://lastfm.freetls.fastly.net/i/u/300x300/2b1ed6bdaba7aa57d94c1bdfb805e972.jpg
Sweeter Than Fiction,Taylor Swift,https://lastfm.freetls.fastly.net/i/u/300x300/b261faa116d642acae6d7c1460b8f462.png
Bad Blood,Taylor Swift,https://lastfm.freetls.fastly.net/i/u/300x300/18b4c025115de50577552c06d23776cb.png
1989,Taylor Swift,https://lastfm.freetls.fastly.net/i/u/300x300/fd378412e92480577c0f2a4463c8998a.png
Midnights,Taylor Swift,https://lastfm.freetls.fastly.net/i/u/300x300/8914bab2a0e4e454c6892f151d57208f.png
Anti-Hero (ILLENIUM Remix),Taylor Swift,https://lastfm.freetls.fastly.net/i/u/300x300/2aeedb402c015f0e6aa24f75b3cbb703.jpg
Clouds,Any Name's Okay,https://lastfm.freetls.fastly.net/i/u/300x300/7a4eb756fbd665c41e3bbdd0fb5367f1.jpg
Kung 'Di Rin Lang Ikaw,December Avenue,https://lastfm.freetls.fastly.net/i/u/300x300/24e29361148bd6247de1b76880374fcb.png
Midnights (The Til Dawn Edition),Taylor Swift,https://lastfm.freetls.fastly.net/i/u/300x300/10c6e02743956727145fcada8d5cc73a.jpg
NewJeans 'OMG',NewJeans,https://lastfm.freetls.fastly.net/i/u/300x300/833e2b1c9df787fd2ad468b008be96e4.jpg
Fetish (feat. Gucci Mane),Selena Gomez,https://lastfm.freetls.fastly.net/i/u/300x300/1b2acd9a5df76d2d700aa0504214cdb9.jpg
Bad Liar,Selena Gomez,https://lastfm.freetls.fastly.net/i/u/300x300/9382980139a311bc01514e37095844c6.jpg
What Dreams Are Made Of,Rock City,https://lastfm.freetls.fastly.net/i/u/300x300/1d5b96b4ae33a58bf1511a3faa5a39f1.jpg
Revival (Deluxe),Selena Gomez,https://lastfm.freetls.fastly.net/i/u/300x300/b4e4351135a9c06a00b9d9400c0db566.png
WHEN WE ALL FALL ASLEEP WHERE DO WE GO?,Billie Eilish,https://lastfm.freetls.fastly.net/i/u/300x300/dd6003e64c1d53ba2cebc726560afe98.jpg
M.P.L,Toni Fowler,https://lastfm.freetls.fastly.net/i/u/300x300/582c75a9cbfefca394aeb3ece0949c5d.jpg
Two,The Calling,https://lastfm.freetls.fastly.net/i/u/300x300/1bd9b67c24894722873d792683efddbe.png
Greatest Hits,Rivermaya,https://lastfm.freetls.fastly.net/i/u/300x300/be71aebc89f340b3bfc351026c6069cf.png
Get Weird (Expanded Edition),Little Mix,https://lastfm.freetls.fastly.net/i/u/300x300/33fb4b04456d042d77dde8d4b0c46db6.jpg
Yves,Loona,https://lastfm.freetls.fastly.net/i/u/300x300/fe4e61c4fc3234434e04e227f6ebc0d0.jpg
Ultraviolence (Deluxe),Lana Del Rey,https://lastfm.freetls.fastly.net/i/u/300x300/eb300e3afe470b74b4384b169b96dd56.jpg
UNFORGIVEN,LE SSERAFIM,https://lastfm.freetls.fastly.net/i/u/300x300/3440483112bc2197eb2f0be4e83523b0.jpg
TWICEcoaster: LANE 1,TWICE,https://lastfm.freetls.fastly.net/i/u/300x300/800e521774d1b115262ddf400944dcb4.jpg
LOVE DIVE,IVE,https://lastfm.freetls.fastly.net/i/u/300x300/e9c0075644fc7c781455f4c34e954e7e.jpg
Middle-Aged Juvenile Novelty Pop Rockers,Parokya Ni Edgar,https://lastfm.freetls.fastly.net/i/u/300x300/9d0b47237dcd4430b39d72bd55d599d5.jpg
Hale,Hale,https://lastfm.freetls.fastly.net/i/u/300x300/079982bbe7ee44aeae3485f8b19671d4.png
Fuchsiang Pag-Ibig,Silent Sanctuary,https://lastfm.freetls.fastly.net/i/u/300x300/16dbb9dd88cc0d320fb4b909b29e4597.jpg
Pure Heroine,Lorde,https://lastfm.freetls.fastly.net/i/u/300x300/1c3f14fba3dececc85d10d7252e68b93.png
Hot Mess,dodie,https://lastfm.freetls.fastly.net/i/u/300x300/4fec7a852333295d99d4161ebdd890a5.jpg
Anthology,Eraserheads,https://lastfm.freetls.fastly.net/i/u/300x300/c328d056b29220f83268f47ce9971562.jpg
Kalachuchi,munimuni,https://lastfm.freetls.fastly.net/i/u/300x300/bb2f2cf835e002744a189ba4a99ab4e5.jpg
expérgo,NMIXX,https://lastfm.freetls.fastly.net/i/u/300x300/3f1d89ce6dfc95b3336d18033bfedf18.jpg
Liham At Lihim,Gloc-9,https://lastfm.freetls.fastly.net/i/u/300x300/1728ca00193c76dd8c88c31ff395fc9e.jpg
Good Riddance,Gracie Abrams,https://lastfm.freetls.fastly.net/i/u/300x300/6efb42262bfc472019a0ee886a9edecc.jpg
Taste of Love,TWICE,https://lastfm.freetls.fastly.net/i/u/300x300/bededc67eb735e0cd2443c289c62cce3.jpg
Tippy Dos Santos,Tippy Dos Santos,https://lastfm.freetls.fastly.net/i/u/300x300/6a100a5a9cb04985ea10940258e547c1.jpg
minor,Gracie Abrams,https://lastfm.freetls.fastly.net/i/u/300x300/40693c1652f55d6cb3d63911000a4bb7.jpg
Emotion (Deluxe Expanded Edition),Carly Rae Jepsen,https://lastfm.freetls.fastly.net/i/u/300x300/108dc6072923e7fbba346b96f7b68bd5.jpg
PORTALS,Melanie Martinez,https://lastfm.freetls.fastly.net/i/u/300x300/313a2e52af21ee8aa951a07fd49688d6.jpg
Take Me Home (Expanded Edition),One Direction,https://lastfm.freetls.fastly.net/i/u/300x300/15fea320fec39f81d7c9bd0204533c8d.jpg
Intertwined - EP,dodie,https://lastfm.freetls.fastly.net/i/u/300x300/24096bf7dd7265f39cc806ab6cf8d89e.jpg
Boy's a liar Pt. 2,PinkPantheress,https://lastfm.freetls.fastly.net/i/u/300x300/29499797f2bd56535cf6a345392ccd77.jpg
Langit. Luha.,Silent Sanctuary,https://lastfm.freetls.fastly.net/i/u/300x300/4d726214509b5a84b42ccd778ba29a23.jpg
Buruguduystunstugudunstuy,Parokya Ni Edgar,https://lastfm.freetls.fastly.net/i/u/300x300/2da58dbcd9202851b1b3fc6a56bcd394.jpg
Halina Sa Parokya,Parokya Ni Edgar,https://lastfm.freetls.fastly.net/i/u/300x300/de910dae53ba42068b49f95203716595.jpg
Perfectly Imperfect,Sarah Geronimo,https://lastfm.freetls.fastly.net/i/u/300x300/8aabc4410ba54f8ecfadf57574db0c58.png
Inuman Sessions Vol. 1,Parokya Ni Edgar,https://lastfm.freetls.fastly.net/i/u/300x300/921989ae99f44e2c800c0743c75cd424.png
Matrikula,Gloc-9,https://lastfm.freetls.fastly.net/i/u/300x300/bbe2667e4d317bb7135dbc23b81be850.jpg
Talumpati,Gloc-9,https://lastfm.freetls.fastly.net/i/u/300x300/067a8c902b519d33f2acd34171eec38b.jpg
Ako Si,Gloc-9,https://lastfm.freetls.fastly.net/i/u/300x300/381ea996447cde46507503522a778c18.jpg
G9,Gloc-9,https://lastfm.freetls.fastly.net/i/u/300x300/4ae0e5854a1996b392740dda3cbd48cf.jpg
Circus: The Bernie Grundman Remaster 2022,Eraserheads,https://lastfm.freetls.fastly.net/i/u/300x300/856fcebe3f655b0fb63f9cb4fad74a67.jpg
kabilang mundo,Siakol,https://lastfm.freetls.fastly.net/i/u/300x300/27062abddfb84007c0433a5ecadce940.jpg
MKNM (Mga Kwento Ng Makata),Gloc-9,https://lastfm.freetls.fastly.net/i/u/300x300/b5162f38c8ec5a16926e0c5a4b1a702c.jpg
Cutterpillow,Eraserheads,https://lastfm.freetls.fastly.net/i/u/300x300/0d56503786554fd0961d02b230bcd7b9.png
Stronger (Deluxe Version),Jason Aldean,https://lastfm.freetls.fastly.net/i/u/300x300/e9eea19f703d4a8893c9031f40bf5027.png
Tabing-dagat,Any Name's Okay,https://lastfm.freetls.fastly.net/i/u/300x300/0beb1063aed750ebc4c5f2219379ad9f.jpg
Orasan,Any Name's Okay,https://lastfm.freetls.fastly.net/i/u/300x300/a82021b26826ec77550dc226ba675cdf.jpg
Yugto,Any Name's Okay,https://lastfm.freetls.fastly.net/i/u/300x300/48c355e67ff4f5949f69f5db997480fa.jpg
All I Feel and See,Any Name's Okay,https://lastfm.freetls.fastly.net/i/u/300x300/276ff32e66dcf048ed3442bd564f0afd.jpg
What is Love?,TWICE,https://lastfm.freetls.fastly.net/i/u/300x300/ec18d8cc76a5690887f84ecaae4d63ac.jpg
Teenage Dream,Katy Perry,https://lastfm.freetls.fastly.net/i/u/300x300/9a9141d83ebd9056e7a212b3bb493ac3.png
Collide With the Sky,Pierce the Veil,https://lastfm.freetls.fastly.net/i/u/300x300/557643a8faaa35768cb6088f576fed30.jpg
One of the Boys,Katy Perry,https://lastfm.freetls.fastly.net/i/u/300x300/46c6aef9c93b1a87c4e453fbd74839ab.png
The Fame Monster (Deluxe Edition),Lady Gaga,https://lastfm.freetls.fastly.net/i/u/300x300/c7166a74a02b65e363c0def7801d6f9a.jpg
Dizzy Up the Girl,The Goo Goo Dolls,https://lastfm.freetls.fastly.net/i/u/300x300/7115714c7101454ec57ceca6e2a6dc5c.png
Shameless (Music From the Television Series),The High Strung,https://lastfm.freetls.fastly.net/i/u/300x300/082ada4d45d9ebb6a8842a5d3f7fbfcd.jpg
BOYS LIKE YOU,dodie,https://lastfm.freetls.fastly.net/i/u/300x300/db386bfd52bbfedc79741031800c81b7.jpg
Selfish Machines,Pierce the Veil,https://lastfm.freetls.fastly.net/i/u/300x300/2d23f6186a52429cc254acd176e75f4f.jpg
IVE SWITCH,IVE,https://lastfm.freetls.fastly.net/i/u/300x300/f79d7c3df1ede869f5861798c859f176.jpg
IVE EMPATHY,IVE,https://lastfm.freetls.fastly.net/i/u/300x300/1e52ef47438b41bbeee86cd1248751e8.jpg
NA,NAYEON,https://lastfm.freetls.fastly.net/i/u/300x300/acc2e070861902fa72b91ba0654a59b1.jpg
FOREVER 1 - The 7th Album,Girls' Generation,https://lastfm.freetls.fastly.net/i/u/300x300/71a9301c83e164d9790bd30e04c0c7f8.png
KILL THIS LOVE,BLACKPINK,https://lastfm.freetls.fastly.net/i/u/300x300/9321964822c4c0b4fb7a93a1ffe4ef7d.png
EXODUS - The 2nd Album,EXO,https://lastfm.freetls.fastly.net/i/u/300x300/7730e8b08cea0d6675b1a956cf2dcf9b.png
ARRIVAL OF EVERGLOW,Everglow,https://lastfm.freetls.fastly.net/i/u/300x300/7ff797fd4582834fd5221be99c3931ad.jpg
IM NAYEON,NAYEON,https://lastfm.freetls.fastly.net/i/u/300x300/d842bea788c1c3fca32b00a4c3557b10.jpg
Armageddon - The 1st Album,aespa,https://lastfm.freetls.fastly.net/i/u/300x300/dfc1d684e8fc4814c562444bab19272f.jpg
ELEVEN,IVE,https://lastfm.freetls.fastly.net/i/u/300x300/df2093a56e91ae377d451d6b62a8088b.png
I've IVE,IVE,https://lastfm.freetls.fastly.net/i/u/300x300/8367b4052df93d73a575aa4b7483ea71.jpg
Drama - The 4th Mini Album,aespa,https://lastfm.freetls.fastly.net/i/u/300x300/8f0688a17ac036ac6e90939971fc0e9b.png
Shenanigans,Green Day,https://lastfm.freetls.fastly.net/i/u/300x300/50c08033a81149c2c980f1c1a52b332d.jpg
THINK LATER,Tate McRae,https://lastfm.freetls.fastly.net/i/u/300x300/d5c9a69fcda54143308997e32981c139.jpg
Ruby,Jennie,https://lastfm.freetls.fastly.net/i/u/300x300/96d5b9adcdc061748bbfb29f292558d7.png
HAIZ,Hailee Steinfeld,https://lastfm.freetls.fastly.net/i/u/300x300/21c49019593fc7f8c0a26b1a7a8a6e85.png
AD MARE,NMIXX,https://lastfm.freetls.fastly.net/i/u/300x300/86ebef5446dd101ceb6cd84b26e5769a.jpg
Boys Like Girls,Boys Like Girls,https://lastfm.freetls.fastly.net/i/u/300x300/fb9c1ef099fc47beba182893453edcf0.png
Where Have You Been,Kelly Clarkson,https://lastfm.freetls.fastly.net/i/u/300x300/87723b92ce285e59b5a512b9925ad7ac.jpg
Days Are Gone (Deluxe Edition),HAIM,https://lastfm.freetls.fastly.net/i/u/300x300/d40a4ee9dea7428fc2764986ddcb09bb.png
Yourself or Someone Like You,Matchbox Twenty,https://lastfm.freetls.fastly.net/i/u/300x300/006ed44fa946733c32673682f20e3a45.png
Supersonic,fromis_9,https://lastfm.freetls.fastly.net/i/u/300x300/ef61a35f25a51b8af81096cc8a93d2b9.jpg
Funeral (feat. James Bay),Maisie Peters,https://lastfm.freetls.fastly.net/i/u/300x300/d8c468aca1592354da30e65a2f0fbd95.jpg
Touch,Katseye,https://lastfm.freetls.fastly.net/i/u/300x300/04688e58d2f81866856b0f3b007f2d2d.jpg
GNARLY,KATSEYE,https://lastfm.freetls.fastly.net/i/u/300x300/81e60c077c46bd1352e2a69452ad984d.png
Debut,Katseye,https://lastfm.freetls.fastly.net/i/u/300x300/9da920a9dbda8d0210c9081a6e67399a.jpg
Get Your Heart On!,Simple Plan,https://lastfm.freetls.fastly.net/i/u/300x300/18e1534a9ffd4596abc2c12b6252dbd2.png
A Whole New Sound,Simple Plan,https://lastfm.freetls.fastly.net/i/u/300x300/eb10df43919e7b1d3cd0f46bc0a55a75.png
Every Summertime,Niki,https://lastfm.freetls.fastly.net/i/u/300x300/23d1ddf5042e63622ed0d27a1486379d.jpg
Cherry Bullet 1st Single Album Let's Play Cherry Bullet,Cherry Bullet,https://lastfm.freetls.fastly.net/i/u/300x300/f4c0526a94180d1c493359e4e3340045.jpg
CRAZY,LE SSERAFIM,https://lastfm.freetls.fastly.net/i/u/300x300/32a51da6fd63d367f90d237a496837f5.jpg
Californication (Deluxe Edition),Red Hot Chili Peppers,https://lastfm.freetls.fastly.net/i/u/300x300/45dfde4f63a50f3aedeee21f3e9ed033.jpg
CRAVITY 1ST ALBUM PART 2 [LIBERTY : IN OUR COSMOS],CRAVITY,https://lastfm.freetls.fastly.net/i/u/300x300/c26db2871ff0fd2f01f98379d0a42900.jpg
Whiplash - The 5th Mini Album,aespa,https://lastfm.freetls.fastly.net/i/u/300x300/76a48016ed81d0fa016d0fd5507792b0.jpg
Supernatural,NewJeans,https://lastfm.freetls.fastly.net/i/u/300x300/4723eb27458ad58366f21eef448b4eb1.jpg
Weezer,Weezer,https://lastfm.freetls.fastly.net/i/u/300x300/82dea2ae26de9b443208cf21358c876f.jpg
Toxicity,System of a Down,https://lastfm.freetls.fastly.net/i/u/300x300/faa79372c53139010902e67938ccf78e.jpg
Fancy That,PinkPantheress,https://lastfm.freetls.fastly.net/i/u/300x300/1b93da0254fdeec7307cb3f1d1e16cee.png
Make Believe,Weezer,https://lastfm.freetls.fastly.net/i/u/300x300/1c8439b16ed4ca4e0bac727e7b325581.jpg
Gnarly,KATSEYE,https://lastfm.freetls.fastly.net/i/u/300x300/20ed6fffe73484e199999d06ff95b410.jpg
Dude Ranch,blink-182,https://lastfm.freetls.fastly.net/i/u/300x300/e0293fc9bd4a499197517a01e6a3e1e9.png
ANTIFRAGILE,LE SSERAFIM,https://lastfm.freetls.fastly.net/i/u/300x300/47403415f97336603c88ea4c1062d4b1.jpg
‘The ReVe Festival 2022 - Feel My Rhythm’,Red Velvet,https://lastfm.freetls.fastly.net/i/u/300x300/9812fcb0317a46ef41fb79af1243a27e.jpg
Blur: The Best Of,Blur,https://lastfm.freetls.fastly.net/i/u/300x300/19b5847804de243d69d4d67358faa443.jpg
Just Keep Watching (From F1® The Movie),Tate McRae,https://lastfm.freetls.fastly.net/i/u/300x300/120a60b7c7c804bd2eb36e7331641dc0.jpg
ABBA,ABBA,https://lastfm.freetls.fastly.net/i/u/300x300/27c248c47e5445e92043b60c7c170303.jpg
Skool Luv Affair,BTS,https://lastfm.freetls.fastly.net/i/u/300x300/5e64a142ca811baafad94b2909fa3adf.png
Music Box,Mariah Carey,https://lastfm.freetls.fastly.net/i/u/300x300/4936bc546abe8f43a793325d446f316f.jpg
Toto IV,Toto,https://lastfm.freetls.fastly.net/i/u/300x300/862779ab445949bac9067a3cd472c34b.png
Out of the Blue,Electric Light Orchestra,https://lastfm.freetls.fastly.net/i/u/300x300/999f26234f9c4e0db4997363bdf60087.png
Christina Aguilera (Expanded Edition),Christina Aguilera,https://lastfm.freetls.fastly.net/i/u/300x300/3dc83b4f19f3f4c5f17e036cf19efdb4.jpg
The Album,ABBA,https://lastfm.freetls.fastly.net/i/u/300x300/d39374445a3f4a36987a44744583f15c.png
Black & Blue,Backstreet Boys,https://lastfm.freetls.fastly.net/i/u/300x300/0a9e485e288dac9ddb44986302e82825.png
Weezer (Red Album),Weezer,https://lastfm.freetls.fastly.net/i/u/300x300/90d314e8b6456111f7ab90583e2df277.png
Red,Taylor Swift,https://lastfm.freetls.fastly.net/i/u/300x300/ad99371a89ed925f63ee3737b4bf9908.jpg
Weezer (Green Album),Weezer,https://lastfm.freetls.fastly.net/i/u/300x300/55f7ca70a9644479fa9dace6590094c8.png
reputation,Taylor Swift,https://lastfm.freetls.fastly.net/i/u/300x300/05df79341035d53b68eb846764365e02.png
Infinity on High,Fall Out Boy,https://lastfm.freetls.fastly.net/i/u/300x300/b01817dacd044f7d9389e6b69933330b.png
American Idiot (Deluxe),Green Day,https://lastfm.freetls.fastly.net/i/u/300x300/b1bc267e9e799d1d9f026e5cf7e03369.jpg
Ditto,NewJeans,https://lastfm.freetls.fastly.net/i/u/300x300/60be96821e518fa1dad9d952b10c9574.gif
Revolution Radio,Green Day,https://lastfm.freetls.fastly.net/i/u/300x300/85bb7980e17a99a79e70746c62c3f43e.jpg
NewJeans 1st EP 'New Jeans',NewJeans,https://lastfm.freetls.fastly.net/i/u/300x300/6b11d36a21405b894d8b198e225edc09.png
Thankful,Kelly Clarkson,https://lastfm.freetls.fastly.net/i/u/300x300/0fcb0432dc2d1836a43530ee73ce006e.jpg
The Feels,TWICE,https://lastfm.freetls.fastly.net/i/u/300x300/552af1ac0196834b7e283d70e23a8863.jpg
Insomniac,Green Day,https://lastfm.freetls.fastly.net/i/u/300x300/1a2cd1a286cc134cc531b23d727d66cf.jpg
NewJeans 'Super Shy',NewJeans,https://lastfm.freetls.fastly.net/i/u/300x300/66fe635dbccc4d19c4873ee47c670061.gif
WJ Please? - EP,WJSN,https://lastfm.freetls.fastly.net/i/u/300x300/4ef6ddcf5975935159869256944d5dc3.jpg
21 Guns (DMD Maxi),Green Day,https://lastfm.freetls.fastly.net/i/u/300x300/5f1106fadc9b89166d13295fb0c1ebb5.jpg
brand new eyes,Paramore,https://lastfm.freetls.fastly.net/i/u/300x300/8935ea2d777c8f2f5f3c7a8f521ea9fb.png
<Queendom2> Part.2-1,Loona,https://lastfm.freetls.fastly.net/i/u/300x300/388cec2925f386536ebf4ad510714da9.jpg
Cate’s Brother,Maisie Peters,https://lastfm.freetls.fastly.net/i/u/300x300/860725da15e4dd42f642ed3328d669c7.jpg
Addison,Addison Rae,https://lastfm.freetls.fastly.net/i/u/300x300/ad9e0bcc76824a8327dd4ed57d20dd5b.jpg
Weezer (Deluxe Edition),Weezer,https://lastfm.freetls.fastly.net/i/u/300x300/90d314e8b6456111f7ab90583e2df277.png
Manchild,Sabrina Carpenter,https://lastfm.freetls.fastly.net/i/u/300x300/02acf4d89bcc82933e1f767ed71cb910.jpg
Preacher’s Daughter,Ethel Cain,https://lastfm.freetls.fastly.net/i/u/300x300/22d11bc36e414094b227486963fe05f1.jpg
I’M FINE!,dodie,https://lastfm.freetls.fastly.net/i/u/300x300/4b3c389f485be25e472ca651c608da3a.jpg
Gnarly (Ice Spice remix),KATSEYE,https://lastfm.freetls.fastly.net/i/u/300x300/2716c0f7642f5db3ea73aaa225a74a0f.jpg
Reckless,Madison Beer,https://lastfm.freetls.fastly.net/i/u/300x300/e4fcfd8daef26e562c4ad2acb8d109d6.jpg
LM5 (Deluxe),Little Mix,https://lastfm.freetls.fastly.net/i/u/300x300/369dab9f3a78c99209c226ebddc89345.jpg
How Long Do You Think It's Gonna Last?,Big Red Machine,https://lastfm.freetls.fastly.net/i/u/300x300/f6e26c4ab0319740a79b672ecadaabcd.jpg
I Don’t Wanna Live Forever (Fifty Shades Darker),Zayn,https://lastfm.freetls.fastly.net/i/u/300x300/055e6973fb8470b9ad5ffa571e96dfc8.png
1989 (Deluxe Edition),Taylor Swift,https://lastfm.freetls.fastly.net/i/u/300x300/a5820d29c7bb511ef4887e5f7cd5fa46.jpg
Eyes Open (Taylor's Version),Taylor Swift,https://lastfm.freetls.fastly.net/i/u/300x300/cd668dbf69a7adaa77764c763c500d5b.jpg
Safe & Sound (Taylor's Version),Taylor Swift,https://lastfm.freetls.fastly.net/i/u/300x300/2ea3375aa56a70f561e3f09b2d32156c.jpg
If This Was a Movie (Taylor’s Version),Taylor Swift,https://lastfm.freetls.fastly.net/i/u/300x300/191adf8abb015054473562220d813fe7.jpg
eternal sunshine deluxe: brighter days ahead,Ariana Grande,https://lastfm.freetls.fastly.net/i/u/300x300/e94f5512275dae40317795918ef9a401.png
Yours Truly,Ariana Grande,https://lastfm.freetls.fastly.net/i/u/300x300/975b6224803a49429561f0135e33c54d.png
bad idea right?,Olivia Rodrigo,https://lastfm.freetls.fastly.net/i/u/300x300/77970775482a8f5fa6e723dc9efe40a5.jpg
Gabriela,KATSEYE,https://lastfm.freetls.fastly.net/i/u/300x300/0f95953437c8d4d79e09183f1456815e.jpg
Diary ng Panget (Original Movie Soundtrack),Nadine Lustre,https://lastfm.freetls.fastly.net/i/u/300x300/a4f23b5edf6c3ca7945612849a9c8bf9.jpg
Destination XYZ,Callalily,https://lastfm.freetls.fastly.net/i/u/300x300/938312078b8a4a71ca68e82aa0abe444.png
Diary ng Panget (Original Movie Soundtrack),Yumi Lacsamana,https://lastfm.freetls.fastly.net/i/u/300x300/ce043451ddb29883e4a7cea8555a8794.jpg
Diary ng Panget (Original Movie Soundtrack),Donnalyn,
My Everything (Deluxe),Jessie J,https://lastfm.freetls.fastly.net/i/u/300x300/c7853b86ba1c268325e5a7e55d0de6e2.jpg
Diary ng Panget (Original Movie Soundtrack),Yassi Pressman,
American Idiot (20th Anniversary Deluxe Edition),Green Day,https://lastfm.freetls.fastly.net/i/u/300x300/d6128602380800295151442774164f91.jpg
¡Tré!,Green Day,https://lastfm.freetls.fastly.net/i/u/300x300/db67c68bbe48e70166d21b44a753a004.jpg
Greatest Hits: God's Favorite Band,Green Day,https://lastfm.freetls.fastly.net/i/u/300x300/ad57a01c5412465723b47664ab80a7b8.jpg
Midnight Sun,Zara Larsson,https://lastfm.freetls.fastly.net/i/u/300x300/d0c78dc3a80e2e45ac4972089360a051.jpg
BEAUTIFUL CHAOS,KATSEYE,https://lastfm.freetls.fastly.net/i/u/300x300/e5de8cf79ad87686c11e3df0793ae6fe.png
Virgin,Lorde,https://lastfm.freetls.fastly.net/i/u/300x300/6e50976b469be47c1e383cc12f564778.jpg
Sweetener,Ariana Grande,https://lastfm.freetls.fastly.net/i/u/300x300/cd8c5ce4dad43c822c00dec987d295ca.jpg
